{
  "id": "No.1",
  "category": [1],
  "cid": "SH-1",
  "time": 5,
  "nam_score": 1.0,
  "author": "Original",
  "date": "19.04.2025",
  "UUID": "e89de9cb-5ccc-4512-a077-38f7b983aef4",
  "GUID": "429b0f2a5-1b8e-4d3b-9f5c-7a6d1e0f3a2b",
  "main": {
    "title": "Proof that $n^2 = \\sum^{{n}{2}}_{n = 1} = (2n - 1) = n^2$",
    "content": "content/n1-en.exr",
    "solution": "solution/n1-en.exr"
  },
  "difficulty": 1,
  "tags": ["induction", "sum", "odd numbers", "natural numbers"]
}
